,open,high,low,close
2020-03-09,5.2626,5.4769,5.2599,5.4051
2020-03-10,5.3595,5.3826,5.2324,5.2497
2020-03-11,5.2492,5.4365,5.2462,5.4197
2020-03-12,5.4229,5.6501,5.3324,5.3559
2020-03-13,5.357,5.3971,5.1699,5.3698
2020-03-16,5.392,5.6366,5.391,5.5837
2020-03-17,5.5801,5.5939,5.4561,5.5189
2020-03-18,5.5191,5.6985,5.4728,5.5833
2020-03-19,5.5829,5.6133,5.4186,5.4326
2020-03-20,5.4322,5.5178,5.3134,5.4148
2020-03-23,5.4102,5.5422,5.396,5.5261
2020-03-24,5.5261,5.5732,5.4518,5.5092
2020-03-25,5.5025,5.518,5.4044,5.4799
2020-03-26,5.4844,5.5482,5.4595,5.545
2020-03-27,5.5448,5.6914,5.506,5.682
2020-03-30,5.6716,5.7389,5.5986,5.7344
2020-03-31,5.732,5.7476,5.6717,5.7388
2020-04-01,5.7333,5.7713,5.6759,5.7451
2020-04-02,5.7427,5.7533,5.6926,5.708
2020-04-03,5.6975,5.7841,5.6696,5.7841
2020-04-06,5.7867,5.7871,5.6427,5.7059
2020-04-07,5.7125,5.7542,5.6543,5.6862
2020-04-08,5.6731,5.7074,5.5487,5.5625
2020-04-09,5.5664,5.5967,5.5175,5.5805
2020-04-10,5.5821,5.5918,5.5692,5.5692
2020-04-13,5.5819,5.6788,5.5542,5.6736
2020-04-14,5.6772,5.7133,5.6441,5.6717
2020-04-15,5.6686,5.7407,5.6471,5.713
2020-04-16,5.7007,5.7234,5.669,5.68
2020-04-17,5.6867,5.7386,5.6514,5.6945
2020-04-20,5.6913,5.7787,5.6871,5.7787
2020-04-21,5.7719,5.7995,5.7429,5.7726
2020-04-22,5.7701,5.9073,5.7669,5.9062
2020-04-23,5.9043,5.984,5.8148,5.9656
2020-04-24,5.9638,6.1958,5.9185,6.0515
2020-04-27,6.0519,6.1957,6.0147,6.1203
2020-04-28,6.1213,6.206,5.9383,5.9466
2020-04-29,5.953,5.9925,5.801,5.8015
2020-04-30,5.8009,6.0101,5.7916,6.0025
2020-05-01,6.0044,6.0392,5.9983,6.0232
2020-05-04,6.0096,6.1199,5.9554,6.0425
2020-05-05,6.0489,6.0489,5.9526,6.0253
2020-05-06,6.1362,6.1765,6.1329,6.1681
2020-05-07,6.1703,6.3447,6.1286,6.3193
2020-05-08,6.3224,6.4921,6.2061,6.2124
2020-05-11,6.2141,6.3128,6.2141,6.2886
2020-05-12,6.2758,6.3895,6.2465,6.3834
2020-05-13,6.385,6.4327,6.3355,6.3661
2020-05-14,6.3658,6.4432,6.269,6.2789
2020-05-15,6.279,6.3449,6.2475,6.3327
2020-05-18,6.334,6.3369,6.2108,6.2424
2020-05-19,6.2436,6.2985,6.2249,6.2858
2020-05-20,6.2861,6.3107,6.2308,6.2389
2020-05-21,6.2502,6.2614,6.0758,6.0779
2020-05-22,6.0741,6.1251,6.0293,6.0301
2020-05-25,6.0337,6.0823,5.9221,5.9326
2020-05-26,5.9324,5.984,5.864,5.8675
2020-05-27,5.8634,5.8944,5.7924,5.8037
2020-05-28,5.8116,5.9881,5.8076,5.9863
2020-05-29,5.9903,6.0647,5.9051,5.9268
2020-06-01,5.9413,6.0249,5.9051,5.9744
2020-06-02,5.9721,6.0265,5.8042,5.8114
2020-06-03,5.8103,5.8522,5.6331,5.6878
2020-06-04,5.6788,5.7993,5.6654,5.7664
2020-06-05,5.8017,5.8096,5.5842,5.5994
2020-06-08,5.6054,5.6153,5.4444,5.4455
2020-06-09,5.4513,5.5797,5.4402,5.5554
2020-06-10,5.5517,5.6572,5.5215,5.6571
2020-06-11,5.6604,5.671,5.6181,5.6189
2020-06-12,5.6181,5.7778,5.6169,5.6846
2020-06-15,5.7123,5.8804,5.7092,5.8383
2020-06-16,5.8031,5.9135,5.7172,5.9042
2020-06-17,5.9073,5.9099,5.8305,5.879
2020-06-18,5.8731,6.0334,5.8725,6.0263
2020-06-19,6.0222,6.0331,5.9192,5.9352
2020-06-22,5.932,5.9447,5.8485,5.9159
2020-06-23,5.921,5.9471,5.8074,5.8271
2020-06-24,5.8318,6.0186,5.8046,6.017
2020-06-25,6.0205,6.0322,5.9107,6.0137
2020-06-26,6.0103,6.1529,6.0103,6.1529
2020-06-29,6.1565,6.1865,6.0623,6.073
2020-06-30,6.0758,6.1732,6.0443,6.1368
2020-07-01,6.1341,6.1394,5.9682,5.9827
2020-07-02,5.9816,6.0364,5.9418,6.0229
2020-07-03,6.027,6.0273,5.9678,5.9769
2020-07-06,5.9884,6.0584,5.9705,6.0546
2020-07-07,6.057,6.0846,5.9685,6.0642
2020-07-08,6.0651,6.0944,6.0074,6.0559
2020-07-09,6.0566,6.0725,5.956,6.0254
2020-07-10,6.0288,6.0763,6.0058,6.0133
2020-07-13,6.0216,6.1327,6.0204,6.1296
2020-07-14,6.1317,6.2087,6.0737,6.1254
2020-07-15,6.1192,6.147,6.051,6.1281
2020-07-16,6.1299,6.1399,6.042,6.0668
2020-07-17,6.0695,6.1628,6.0519,6.1524
2020-07-20,6.1477,6.1744,6.0924,6.0988
2020-07-21,6.1051,6.1074,5.9573,5.9625
2020-07-22,5.9674,6.0157,5.8891,5.9226
2020-07-23,5.9241,6.0548,5.9072,6.0427
2020-07-24,6.0441,6.0996,6.0109,6.0996
2020-07-27,6.1163,6.1375,6.0416,6.0516
2020-07-28,6.0514,6.0957,6.0259,6.0397
2020-07-29,6.04,6.1069,6.005,6.0953
2020-07-30,6.094,6.1225,6.0495,6.1057
2020-07-31,6.1189,6.1767,6.09,6.1468
2020-08-03,6.1431,6.2729,6.1101,6.2567
2020-08-04,6.2565,6.3068,6.2231,6.2399
2020-08-05,6.26,6.3138,6.2135,6.2768
2020-08-06,6.2783,6.3613,6.2705,6.3346
2020-08-07,6.3338,6.4101,6.3102,6.4101
2020-08-10,6.4042,6.4407,6.3006,6.4342
2020-08-11,6.4334,6.4634,6.317,6.3176
2020-08-12,6.3158,6.4721,6.3037,6.4037
2020-08-13,6.4163,6.4637,6.3229,6.3419
2020-08-14,6.3406,6.4397,6.3351,6.419
2020-08-17,6.4234,6.542,6.4186,6.5403
2020-08-18,6.5403,6.5765,6.4718,6.5262
2020-08-19,6.5265,6.5833,6.4879,6.5813
2020-08-20,6.584,6.7037,6.5286,6.5967
2020-08-21,6.5988,6.6358,6.5423,6.6276
2020-08-24,6.6276,6.6506,6.5827,6.6142
2020-08-25,6.6162,6.6386,6.5186,6.5191
2020-08-26,6.511,6.6581,6.5105,6.6358
2020-08-27,6.6359,6.6489,6.5614,6.5823
2020-08-28,6.5943,6.6347,6.4134,6.4134
2020-08-31,6.4158,6.5643,6.4113,6.5559
2020-09-01,6.5598,6.5888,6.3687,6.434
2020-09-02,6.435,6.435,6.3294,6.3302
2020-09-03,6.3147,6.3423,6.2529,6.2695
2020-09-04,6.2649,6.3068,6.209,6.2765
2020-09-07,6.2773,6.278,6.2594,6.264
2020-09-08,6.2547,6.3669,6.2478,6.313
2020-09-09,6.305,6.319,6.2322,6.2666
2020-09-10,6.2748,6.3075,6.2555,6.2901
2020-09-11,6.2937,6.3328,6.2378,6.3015
2020-09-14,6.3051,6.3291,6.2418,6.2525
2020-09-15,6.2546,6.2793,6.2024,6.2501
2020-09-16,6.2543,6.2692,6.1695,6.188
2020-09-17,6.1894,6.2401,6.158,6.2056
2020-09-18,6.2091,6.3905,6.1983,6.3797
2020-09-21,6.3818,6.4654,6.3151,6.3718
2020-09-22,6.3686,6.4264,6.3288,6.4043
2020-09-23,6.403,6.5269,6.3883,6.5209
2020-09-24,6.5302,6.5374,6.4177,6.4327
2020-09-25,6.4316,6.4856,6.4093,6.4565
2020-09-28,6.4573,6.6047,6.4474,6.6024
2020-09-29,6.568,6.642,6.5652,6.615
2020-09-30,6.6156,6.6318,6.5545,6.5948
2020-10-01,6.5971,6.6463,6.5602,6.6271
2020-10-02,6.6285,6.6637,6.5705,6.6576
2020-10-05,6.6574,6.6826,6.5414,6.5552
2020-10-06,6.5578,6.5838,6.4652,6.5683
2020-10-07,6.5681,6.6256,6.54,6.6021
2020-10-08,6.6046,6.6233,6.5603,6.5791
2020-10-09,6.5814,6.6092,6.5175,6.5413
2020-10-12,6.5365,6.5404,6.5209,6.5339
2020-10-13,6.5335,6.6019,6.5171,6.5497
2020-10-14,6.5488,6.5853,6.5149,6.5712
2020-10-15,6.5722,6.6035,6.5414,6.5711
2020-10-16,6.5707,6.6213,6.5639,6.6161
2020-10-19,6.6134,6.655,6.5651,6.5989
2020-10-20,6.6011,6.6396,6.5667,6.6264
2020-10-21,6.6308,6.6713,6.6112,6.65
2020-10-22,6.6527,6.6527,6.5833,6.6101
2020-10-23,6.5965,6.6761,6.5939,6.6639
2020-10-26,6.664,6.6835,6.6275,6.6405
2020-10-27,6.6393,6.7319,6.6252,6.7232
2020-10-28,6.7179,6.7745,6.6567,6.7344
2020-10-29,6.7374,6.7753,6.7085,6.7456
2020-10-30,6.745,6.778,6.6714,6.6872
2020-11-02,6.6891,6.734,6.6762,6.734
2020-11-03,6.7322,6.777,6.6196,6.7336
2020-11-04,6.732,6.761,6.6155,6.6289
2020-11-05,6.6286,6.6795,6.5326,6.5347
2020-11-06,6.5336,6.6115,6.3649,6.3697
2020-11-09,6.4387,6.4436,6.2121,6.3619
2020-11-10,6.3623,6.4118,6.3139,6.398
2020-11-11,6.3981,6.4033,6.3565,6.4019
2020-11-12,6.3484,6.4724,6.3198,6.4381
2020-11-13,6.4364,6.5323,6.4351,6.4586
2020-11-16,6.4605,6.4831,6.3532,6.4417
2020-11-17,6.4409,6.458,6.3165,6.3227
2020-11-18,6.3205,6.3767,6.2647,6.3577
2020-11-19,6.3574,6.3574,6.2764,6.3084
2020-11-20,6.3102,6.3961,6.2842,6.3779
2020-11-23,6.377,6.4492,6.3588,6.4414
2020-11-24,6.4412,6.4706,6.3797,6.397
2020-11-25,6.3971,6.4179,6.3235,6.337
2020-11-26,6.3385,6.3689,6.3121,6.3419
2020-11-27,6.3414,6.4176,6.3391,6.373
2020-11-30,6.3915,6.4405,6.3324,6.3592
2020-12-01,6.3594,6.4171,6.2819,6.3073
2020-12-02,6.3068,6.3482,6.2835,6.3209
2020-12-03,6.3198,6.3667,6.2235,6.2396
2020-12-04,6.2355,6.2973,6.2109,6.2486
2020-12-07,6.2535,6.259,6.1394,6.1541
2020-12-08,6.1535,6.2159,6.1341,6.1919
2020-12-09,6.1913,6.2123,6.1904,6.2098
2020-12-10,6.2628,6.2767,6.0902,6.1264
2020-12-11,6.1,6.1619,6.0954,6.1317
2020-12-14,6.1463,6.2261,6.0938,6.2121
2020-12-15,6.2118,6.226,6.1695,6.1753
2020-12-16,6.1756,6.2556,6.1727,6.2003
2020-12-17,6.1998,6.2603,6.1772,6.2027
2020-12-18,6.202,6.2681,6.1883,6.2345
2020-12-21,6.2371,6.3552,6.1718,6.2627
2020-12-22,6.2627,6.313,6.2468,6.2757
2020-12-23,6.2757,6.3588,6.2531,6.3351
2020-12-24,6.3562,6.3656,6.3314,6.3344
2020-12-25,6.3347,6.3633,6.3295,6.3347
2020-12-28,6.3558,6.4805,6.3057,6.4011
2020-12-29,6.4077,6.4482,6.3289,6.3868
2020-12-30,6.381,6.4297,6.3349,6.395
2020-12-31,6.3925,6.439,6.3391,6.3452
2021-01-01,6.3422,6.3449,6.3422,6.3422
2021-01-04,6.3553,6.4876,6.296,6.4876
2021-01-05,6.4869,6.5606,6.4297,6.4998
2021-01-06,6.5006,6.5726,6.4644,6.5534
2021-01-07,6.5506,6.6443,6.5145,6.6392
2021-01-08,6.6378,6.6384,6.5369,6.6258
2021-01-11,6.6174,6.7025,6.5947,6.6645
2021-01-12,6.6686,6.6779,6.4842,6.4964
2021-01-13,6.4964,6.5067,6.4173,6.4411
2021-01-14,6.4402,6.448,6.3136,6.3143
2021-01-15,6.3163,6.4069,6.2984,6.3842
2021-01-18,6.393,6.4168,6.3263,6.3947
2021-01-19,6.3946,6.5041,6.3636,6.4985
2021-01-20,6.496,6.5146,6.3998,6.4054
2021-01-21,6.4053,6.5493,6.3612,6.5089
2021-01-22,6.5091,6.6742,6.5023,6.6525
2021-01-25,6.6495,6.7078,6.6251,6.6359
2021-01-26,6.6359,6.7129,6.4699,6.5103
2021-01-27,6.512,6.5585,6.4853,6.5567
2021-01-28,6.5557,6.6098,6.5405,6.5958
2021-01-29,6.5933,6.672,6.585,6.6278
2021-02-01,6.6269,6.6272,6.5469,6.5501
2021-02-02,6.5521,6.5647,6.4252,6.4619
2021-02-03,6.4646,6.4829,6.3989,6.4372
2021-02-04,6.4366,6.5236,6.4148,6.4893
2021-02-05,6.492,6.5327,6.4299,6.4706
2021-02-08,6.4674,6.5112,6.393,6.4654
2021-02-09,6.4655,6.5828,6.4654,6.517
2021-02-10,6.5168,6.5787,6.4984,6.5259
2021-02-11,6.5263,6.5468,6.4796,6.5111
2021-02-12,6.5101,6.5403,6.4857,6.5053
2021-02-15,6.5097,6.5197,6.5081,6.5158
2021-02-16,6.5173,6.5381,6.4998,6.5046
2021-02-17,6.5018,6.5305,6.4592,6.5149
2021-02-18,6.5139,6.5856,6.4969,6.5607
2021-02-19,6.5618,6.6291,6.5089,6.5496
2021-02-22,6.5208,6.7116,6.5208,6.6435
2021-02-23,6.6448,6.6546,6.5846,6.609
2021-02-24,6.6094,6.6159,6.5569,6.5745
2021-02-25,6.5786,6.7392,6.5705,6.7355
2021-02-26,6.7348,6.776,6.6558,6.7515
2021-03-01,6.7503,6.7958,6.6975,6.7939
2021-03-02,6.7947,6.9026,6.772,6.8652
2021-03-03,6.8661,6.9652,6.7501,6.7739
2021-03-04,6.7751,6.7978,6.6964,6.7853
2021-03-05,6.7853,6.8095,6.75,6.7764
2021-03-08,6.7818,6.961,6.7554,6.961
2021-03-09,6.9601,6.9988,6.8669,6.9021
2021-03-10,6.9021,6.9062,6.7343,6.7676
2021-03-11,6.7673,6.7899,6.6267,6.6333
2021-03-12,6.6318,6.6606,6.592,6.6496
2021-03-15,6.6505,6.6567,6.6308,6.6332
2021-03-16,6.6982,6.7244,6.6162,6.6938
2021-03-17,6.695,6.7507,6.676,6.6909
2021-03-18,6.6925,6.6952,6.5458,6.6239
2021-03-19,6.6245,6.6372,6.4892,6.5339
2021-03-22,6.5266,6.6093,6.5206,6.5703
2021-03-23,6.5704,6.589,6.4803,6.5439
2021-03-24,6.5426,6.6599,6.4977,6.6393
2021-03-25,6.6383,6.7032,6.6079,6.6441
2021-03-26,6.6447,6.7891,6.6442,6.7876
2021-03-29,6.7844,6.832,6.7562,6.8019
2021-03-30,6.8019,6.8048,6.703,6.7632
2021-03-31,6.764,6.7773,6.5938,6.6032
2021-04-01,6.6026,6.74,6.5874,6.7235
2021-04-02,6.7255,6.726,6.71,6.7152
2021-04-05,6.7123,6.7198,6.6456,6.6892
2021-04-06,6.6902,6.6951,6.6263,6.636
2021-04-07,6.6364,6.7033,6.6085,6.6627
2021-04-08,6.6636,6.6962,6.6021,6.6349
2021-04-09,6.6352,6.7633,6.6178,6.7625
2021-04-12,6.7619,6.8305,6.7123,6.8297
2021-04-13,6.8302,6.8454,6.7687,6.8323
2021-04-14,6.8329,6.8543,6.7686,6.7719
2021-04-15,6.7728,6.7816,6.7042,6.7217
2021-04-16,6.7201,6.799,6.6713,6.6872
2021-04-19,6.6905,6.756,6.6541,6.6759
2021-04-20,6.6759,6.7269,6.6358,6.7025
2021-04-21,6.6908,6.7033,6.6628,6.702
2021-04-22,6.702,6.7079,6.5333,6.5416
2021-04-23,6.5432,6.6511,6.542,6.6237
2021-04-26,6.6228,6.6337,6.567,6.5694
2021-04-27,6.5689,6.6048,6.5432,6.5879
2021-04-28,6.5904,6.5922,6.4759,6.4781
2021-04-29,6.4782,6.5151,6.4633,6.4741
2021-04-30,6.4735,6.5421,6.4505,6.5343
2021-05-03,6.5373,6.5658,6.4873,6.5581
2021-05-04,6.5579,6.5889,6.5072,6.5393
2021-05-05,6.54,6.5594,6.4258,6.4269
2021-05-06,6.4267,6.467,6.3393,6.3666
2021-05-07,6.3664,6.3826,6.3197,6.3651
2021-05-10,6.3692,6.3831,6.3247,6.34
2021-05-11,6.3409,6.4189,6.337,6.3454
2021-05-12,6.3444,6.4205,6.3094,6.4055
2021-05-13,6.4066,6.4242,6.3587,6.4125
2021-05-14,6.4128,6.4504,6.3693,6.404
2021-05-17,6.4059,6.4602,6.3793,6.4096
2021-05-18,6.4112,6.4454,6.3876,6.4301
2021-05-19,6.4316,6.479,6.4153,6.4642
2021-05-20,6.4653,6.4892,6.4414,6.4623
2021-05-21,6.4597,6.5306,6.432,6.5215
2021-05-24,6.5193,6.5474,6.4894,6.4992
2021-05-25,6.4986,6.5443,6.4904,6.5255
2021-05-26,6.5266,6.5324,6.4592,6.4759
2021-05-27,6.4762,6.4858,6.3862,6.3903
2021-05-28,6.3965,6.3973,6.3489,6.356
2021-05-31,6.3705,6.4308,6.3426,6.3791
2021-06-01,6.3834,6.3871,6.2823,6.2988
2021-06-02,6.2992,6.3051,6.1903,6.2003
2021-06-03,6.2008,6.2098,6.1545,6.1571
2021-06-04,6.2128,6.2136,6.1224,6.1389
2021-06-07,6.1385,6.1705,6.1237,6.1517
2021-06-08,6.1505,6.1728,6.1187,6.1326
2021-06-09,6.1317,6.1892,6.1236,6.1664
2021-06-10,6.1668,6.1879,6.1273,6.1535
2021-06-11,6.1542,6.2156,6.1421,6.1926
2021-06-14,6.1915,6.202,6.1309,6.1315
2021-06-15,6.1452,6.1892,6.1098,6.1179
2021-06-16,6.1161,6.1265,6.0502,6.062
2021-06-17,6.0728,6.0779,5.9622,5.9625
2021-06-18,5.9852,6.0557,5.9192,6.0361
2021-06-21,6.0411,6.0564,5.975,5.9819
2021-06-22,5.9822,5.9977,5.9193,5.9198
2021-06-23,5.9201,5.9546,5.8995,5.9285
2021-06-24,5.9293,5.938,5.8465,5.8623
2021-06-25,5.8626,5.9244,5.8488,5.8884
2021-06-28,5.8894,5.9219,5.8662,5.8814
2021-06-29,5.8815,5.9062,5.854,5.8965
2021-06-30,5.8968,5.9477,5.8888,5.8932
2021-07-01,5.9079,5.9868,5.8798,5.9813
2021-07-02,5.983,6.0037,5.9119,5.9803
2021-07-05,6.0045,6.049,5.9737,6.039
2021-07-06,6.0401,6.162,6.013,6.1426
2021-07-07,6.1441,6.2267,6.1189,6.1696
2021-07-08,6.1689,6.2856,6.1648,6.2299
2021-07-09,6.2291,6.247,6.2024,6.2451
2021-07-12,6.2208,6.2556,6.1272,6.1366
2021-07-13,6.1359,6.1556,6.0791,6.0826
2021-07-14,6.0814,6.0942,5.9975,6.0019
2021-07-15,6.0017,6.0607,5.9735,6.0367
2021-07-16,6.0388,6.0496,5.9963,6.0383
2021-07-19,6.0388,6.2009,6.0217,6.1957
2021-07-20,6.1964,6.2198,6.1268,6.1512
2021-07-21,6.1418,6.2158,6.1148,6.1198
2021-07-22,6.1197,6.1616,6.0841,6.1301
2021-07-23,6.1311,6.1527,6.0728,6.1216
2021-07-26,6.1219,6.1595,6.0881,6.1103
2021-07-27,6.109,6.1408,6.0962,6.1085
2021-07-28,6.1216,6.127,6.0482,6.0585
2021-07-29,6.0663,6.0838,5.993,6.0405
2021-07-30,6.0257,6.1967,6.0049,6.188
2021-08-02,6.1851,6.1999,6.0699,6.12
2021-08-03,6.1186,6.2539,6.1175,6.1655
2021-08-04,6.1728,6.2038,6.1182,6.1183
2021-08-05,6.147,6.2138,6.0584,6.2082
2021-08-06,6.2108,6.2108,6.1352,6.1527
2021-08-09,6.1629,6.22,6.1264,6.1414
2021-08-10,6.1434,6.1621,6.0812,6.082
2021-08-11,6.0946,6.1409,6.0676,6.1259
2021-08-12,6.1271,6.169,6.1175,6.1633
2021-08-13,6.1582,6.2191,6.1539,6.188
2021-08-16,6.1865,6.224,6.1653,6.2057
2021-08-17,6.2066,6.2113,6.1378,6.2015
2021-08-18,6.1641,6.3139,6.1641,6.3008
2021-08-19,6.2735,6.371,6.2513,6.323
2021-08-20,6.3323,6.3851,6.2792,6.2896
2021-08-23,6.29,6.3329,6.2706,6.3169
2021-08-24,6.3176,6.3184,6.1669,6.1724
2021-08-25,6.1724,6.1883,6.1277,6.1353
2021-08-26,6.132,6.1879,6.1239,6.1735
2021-08-27,6.1777,6.1854,6.1192,6.1328
2021-08-30,6.2018,6.2076,6.1144,6.1159
2021-08-31,6.1168,6.1485,6.0407,6.0818
2021-09-01,6.1041,6.1458,6.0769,6.1398
2021-09-02,6.12,6.1635,6.1051,6.1587
2021-09-03,6.1574,6.1746,6.1123,6.1621
2021-09-06,6.1604,6.18,6.115,6.1372
2021-09-07,6.1367,6.164,6.1193,6.1229
2021-09-08,6.1533,6.2997,6.1065,6.2873
2021-09-09,6.2705,6.3047,6.1427,6.1459
2021-09-10,6.1455,6.2223,6.1326,6.2027
2021-09-13,6.203,6.203,6.1389,6.1787
2021-09-14,6.1791,6.2097,6.1554,6.1849
2021-09-15,6.1951,6.2365,6.1707,6.196
2021-09-16,6.1971,6.2061,6.1446,6.1848
2021-09-17,6.2028,6.2779,6.1847,6.1994
2021-09-20,6.1961,6.2992,6.1845,6.2447
2021-09-21,6.2453,6.2918,6.1757,6.1772
2021-09-22,6.178,6.2157,6.1643,6.2088
2021-09-23,6.2087,6.2361,6.1642,6.225
2021-09-24,6.2253,6.2679,6.2113,6.2556
2021-09-27,6.2542,6.3069,6.2169,6.3069
2021-09-28,6.296,6.3615,6.2839,6.3426
2021-09-29,6.3416,6.3456,6.2698,6.2794
2021-09-30,6.2923,6.3326,6.2233,6.3028
2021-10-01,6.3025,6.3122,6.2114,6.2114
2021-10-04,6.2138,6.3411,6.2077,6.3225
2021-10-05,6.3237,6.3607,6.2989,6.3386
2021-10-06,6.3391,6.3895,6.3025,6.3334
2021-10-07,6.3338,6.3888,6.3225,6.36
2021-10-08,6.3601,6.3978,6.3526,6.3723
2021-10-11,6.372,6.4011,6.3575,6.3965
2021-10-12,6.3855,6.3983,6.367,6.3677
2021-10-13,6.3669,6.4565,6.3669,6.3885
2021-10-14,6.3885,6.4086,6.3468,6.4038
2021-10-15,6.4035,6.4127,6.3034,6.3297
2021-10-18,6.3299,6.4262,6.3139,6.3908
2021-10-19,6.3919,6.5231,6.3904,6.4962
2021-10-20,6.5076,6.5232,6.4349,6.5196
2021-10-21,6.4532,6.6132,6.4485,6.581
2021-10-22,6.5805,6.6875,6.5541,6.5808
2021-10-25,6.5771,6.5898,6.4292,6.4363
2021-10-26,6.4359,6.4885,6.4285,6.4541
2021-10-27,6.4535,6.4819,6.4231,6.425
2021-10-28,6.4247,6.6148,6.4176,6.595
2021-10-29,6.557,6.5977,6.4787,6.5173
2021-11-01,6.5155,6.5963,6.5105,6.5782
2021-11-02,6.5908,6.6044,6.5667,6.5985
2021-11-03,6.5767,6.6078,6.4457,6.447
2021-11-04,6.4497,6.4976,6.4105,6.4726
2021-11-05,6.4725,6.4989,6.3577,6.411
2021-11-08,6.4084,6.4724,6.3691,6.4322
2021-11-09,6.4239,6.447,6.335,6.348
2021-11-10,6.3527,6.3561,6.2854,6.305
2021-11-11,6.3022,6.3105,6.1729,6.1864
2021-11-12,6.1817,6.2577,6.1747,6.2434
2021-11-15,6.2452,6.2538,6.2009,6.2027
2021-11-16,6.2049,6.248,6.1752,6.2211
2021-11-17,6.229,6.2652,6.1946,6.2576
2021-11-18,6.2594,6.3357,6.2548,6.3357
2021-11-19,6.3196,6.3349,6.2503,6.3223
2021-11-22,6.3373,6.3373,6.2667,6.2968
2021-11-23,6.2769,6.3752,6.2652,6.2666
2021-11-24,6.2664,6.3083,6.2374,6.259
2021-11-25,6.2776,6.2907,6.2227,6.2481
2021-11-26,6.2381,6.3565,6.2376,6.3214
2021-11-29,6.314,6.3509,6.2887,6.3299
2021-11-30,6.3224,6.3962,6.3219,6.3962
2021-12-01,6.3768,6.4471,6.323,6.4471
2021-12-02,6.447,6.4568,6.352,6.3858
2021-12-03,6.3806,6.427,6.3328,6.3922
2021-12-06,6.3896,6.4327,6.3716,6.4248
2021-12-07,6.4195,6.4308,6.3207,6.3404
2021-12-08,6.3398,6.3565,6.2662,6.2816
2021-12-09,6.2761,6.3182,6.2437,6.3096
2021-12-10,6.2923,6.3607,6.2694,6.355
2021-12-13,6.3495,6.4102,6.318,6.3914
2021-12-14,6.41,6.4261,6.3569,6.4109
2021-12-15,6.3961,6.4451,6.3853,6.4154
2021-12-16,6.4126,6.4801,6.4003,6.446
2021-12-17,6.4458,6.4694,6.3827,6.383
2021-12-20,6.3839,6.4799,6.3824,6.4635
2021-12-21,6.479,6.4894,6.4518,6.4789
2021-12-22,6.4833,6.494,6.4035,6.4035
2021-12-23,6.4042,6.4693,6.3659,6.4122
2021-12-24,6.4259,6.4352,6.4023,6.4077
2021-12-27,6.4223,6.4501,6.3696,6.3837
2021-12-28,6.3713,6.411,6.3585,6.3731
2021-12-29,6.3655,6.4785,6.3542,6.4574
2021-12-30,6.4719,6.4719,6.2729,6.3162
2021-12-31,6.3076,6.3519,6.3033,6.3451
2022-01-03,6.3362,6.4258,6.3176,6.395
2022-01-04,6.4175,6.4381,6.3788,6.4194
2022-01-05,6.4064,6.4691,6.3992,6.458
2022-01-06,6.4575,6.4715,6.4067,6.4244
2022-01-07,6.4203,6.4494,6.3841,6.3999
2022-01-10,6.3976,6.4406,6.3779,6.4331
2022-01-11,6.4142,6.4424,6.326,6.353
2022-01-12,6.3307,6.3618,6.32,6.3313
2022-01-13,6.3316,6.362,6.3124,6.3184
2022-01-14,6.3345,6.3477,6.2881,6.3107
2022-01-17,6.3174,6.32,6.2641,6.2979
2022-01-18,6.2948,6.3171,6.262,6.305
2022-01-19,6.3044,6.326,6.1676,6.1676
2022-01-20,6.1675,6.213,6.0962,6.1283
2022-01-21,6.1289,6.2055,6.0903,6.1845
2022-01-24,6.1844,6.2516,6.1645,6.2273
2022-01-25,6.2293,6.2296,6.1365,6.1528
2022-01-26,6.1515,6.1597,6.0948,6.1071
2022-01-27,6.1053,6.1064,5.9762,6.0253
2022-01-28,6.0249,6.0562,5.9825,6.006
2022-01-31,5.9806,6.0163,5.9249,5.958
2022-02-01,5.9593,5.9785,5.9267,5.9446
2022-02-02,5.9341,6.0043,5.9341,5.9725
2022-02-03,5.9733,6.0695,5.933,6.0587
2022-02-04,6.0433,6.1229,6.0424,6.0974
2022-02-07,6.1051,6.1051,6.0045,6.0258
2022-02-08,6.0266,6.029,5.9972,6.0116
2022-02-09,6.011,6.0492,5.9584,5.96
2022-02-10,5.9612,6.0068,5.9188,5.9824
2022-02-11,5.9828,6.0006,5.9077,5.9364
2022-02-14,5.9558,5.9593,5.879,5.8959
2022-02-15,5.8957,5.9252,5.8583,5.8607
2022-02-16,5.8592,5.8819,5.8331,5.8411
2022-02-17,5.8427,5.8825,5.822,5.8768
2022-02-18,5.876,5.8808,5.7922,5.8188
2022-02-21,5.8145,5.8441,5.7551,5.7629
2022-02-22,5.772,5.7997,5.7215,5.7365
2022-02-23,5.7318,5.7433,5.649,5.6493
2022-02-24,5.6655,5.7564,5.576,5.7481
2022-02-25,5.7329,5.8253,5.6865,5.8193
2022-02-28,5.7443,5.813,5.7443,5.7888
2022-03-01,5.7954,5.7975,5.7236,5.7475
2022-03-02,5.7492,5.7674,5.6551,5.6718
2022-03-03,5.6902,5.6909,5.553,5.5566
2022-03-04,5.5571,5.5697,5.5147,5.5469
2022-03-07,5.5464,5.5516,5.4821,5.5463
2022-03-08,5.5488,5.5709,5.5083,5.52
2022-03-09,5.5157,5.5585,5.505,5.5444
2022-03-10,5.5492,5.6037,5.5047,5.512
2022-03-11,5.5044,5.5429,5.4932,5.5369
2022-03-14,5.5385,5.6326,5.5094,5.616
2022-03-15,5.6054,5.6539,5.5991,5.6488
2022-03-16,5.6556,5.6848,5.5992,5.5999
2022-03-17,5.6004,5.6488,5.5814,5.5858
2022-03-18,5.5896,5.5981,5.524,5.5511
2022-03-21,5.5511,5.5553,5.4354,5.4472
2022-03-22,5.4469,5.4589,5.4096,5.4147
2022-03-23,5.4253,5.4299,5.3102,5.3278
2022-03-24,5.3277,5.3361,5.2416,5.308
2022-03-25,5.3091,5.328,5.1997,5.2163
2022-03-28,5.217,5.2807,5.1962,5.2373
2022-03-29,5.2378,5.3097,5.2305,5.2793
2022-03-30,5.2795,5.3431,5.2604,5.3226
2022-03-31,5.3222,5.3345,5.2384,5.2443
2022-04-01,5.2594,5.2623,5.1402,5.1524
2022-04-04,5.1484,5.1554,5.0382,5.0398
2022-04-05,5.0397,5.105,5.0318,5.0724
2022-04-06,5.0762,5.1464,5.0626,5.1392
2022-04-07,5.1291,5.2001,5.1245,5.164
2022-04-08,5.1646,5.1884,5.1042,5.1185
2022-04-11,5.1327,5.1588,5.0937,5.0937
2022-04-12,5.0947,5.1096,5.0337,5.061
2022-04-13,5.0632,5.11,5.0439,5.1086
2022-04-14,5.1095,5.1355,5.0759,5.0891
2022-04-15,5.0841,5.0841,5.0713,5.0756
2022-04-18,5.0713,5.0851,5.0083,5.0155
2022-04-19,5.0148,5.0511,5.008,5.0359
2022-04-20,5.042,5.0768,5.0011,5.0108
2022-04-21,5.0114,5.0558,4.9995,5.0056
2022-04-22,5.0034,5.2135,4.9886,5.1779
2022-04-25,5.1812,5.2933,5.1392,5.2137
2022-04-26,5.2136,5.3203,5.196,5.3169
2022-04-27,5.2972,5.3236,5.2152,5.2274
2022-04-28,5.2281,5.2907,5.1841,5.1843
2022-04-29,5.187,5.2479,5.1184,5.2413
2022-05-02,5.2035,5.3462,5.1737,5.3378
2022-05-03,5.3385,5.3491,5.2167,5.222
2022-05-04,5.2212,5.2976,5.1938,5.2263
2022-05-05,5.2204,5.3128,5.1882,5.2965
2022-05-06,5.2969,5.4008,5.2705,5.3579
2022-05-09,5.3512,5.4506,5.3314,5.4491
2022-05-10,5.4293,5.4513,5.3852,5.3933
2022-05-11,5.3938,5.4367,5.3722,5.3913
2022-05-12,5.3909,5.412,5.311,5.3443
2022-05-13,5.3446,5.3555,5.2502,5.2591
2022-05-16,5.2534,5.3187,5.2413,5.2805
2022-05-17,5.2804,5.3216,5.1975,5.2128
2022-05-18,5.212,5.2375,5.1867,5.2183
2022-05-19,5.2193,5.2505,5.1726,5.2188
2022-05-20,5.1759,5.2221,5.1234,5.1528
2022-05-23,5.1536,5.1952,5.1066,5.1477
2022-05-24,5.1391,5.2071,5.1236,5.1719
2022-05-25,5.172,5.1811,5.1347,5.1444
2022-05-26,5.145,5.1801,5.0936,5.118
2022-05-27,5.0989,5.1299,5.0535,5.0751
2022-05-30,5.0743,5.1254,5.0479,5.1226
2022-05-31,5.118,5.1227,5.0366,5.0773
2022-06-01,5.0795,5.1305,5.0637,5.1298
2022-06-02,5.1297,5.1557,5.1045,5.1458
2022-06-03,5.146,5.1681,5.1199,5.1199
2022-06-06,5.1192,5.1401,5.0953,5.1315
2022-06-07,5.1313,5.2646,5.1165,5.212
2022-06-08,5.2115,5.2568,5.1975,5.235
2022-06-09,5.2357,5.2515,5.1888,5.2015
2022-06-10,5.2015,5.2706,5.1681,5.2372
2022-06-13,5.2398,5.3529,5.2102,5.3155
2022-06-14,5.3162,5.3667,5.3132,5.3299
2022-06-15,5.3331,5.3932,5.2505,5.2891
2022-06-16,5.2913,5.3968,5.2615,5.3321
2022-06-17,5.3291,5.4102,5.3061,5.4102
2022-06-20,5.4041,5.4594,5.4012,5.4422
2022-06-21,5.4418,5.4736,5.3984,5.3984
2022-06-22,5.4003,5.4892,5.3867,5.4875
2022-06-23,5.4523,5.5155,5.4351,5.5117
2022-06-24,5.5014,5.5528,5.4806,5.5524
2022-06-27,5.5387,5.5677,5.5148,5.531
2022-06-28,5.5315,5.5529,5.4698,5.5415
2022-06-29,5.5435,5.5521,5.4061,5.4106
2022-06-30,5.4297,5.5082,5.3991,5.5056
2022-07-01,5.5039,5.5609,5.4549,5.5587
2022-07-04,5.5606,5.5745,5.5157,5.554
2022-07-05,5.548,5.5615,5.4774,5.5297
2022-07-06,5.5414,5.5533,5.4977,5.5171
2022-07-07,5.519,5.543,5.416,5.4345
2022-07-08,5.4359,5.4408,5.3511,5.3522
2022-07-11,5.3347,5.4052,5.2985,5.3979
2022-07-12,5.3871,5.4628,5.3723,5.4507
2022-07-13,5.4511,5.4696,5.4082,5.4142
2022-07-14,5.4136,5.471,5.388,5.4451
2022-07-15,5.446,5.4713,5.4205,5.4415
2022-07-18,5.4537,5.5174,5.4337,5.5168
2022-07-19,5.4972,5.5813,5.489,5.5263
2022-07-20,5.5266,5.5696,5.5039,5.5543
2022-07-21,5.5547,5.6249,5.5547,5.6249
2022-07-22,5.6244,5.6247,5.5451,5.614
2022-07-25,5.6112,5.6391,5.4737,5.4749
2022-07-26,5.487,5.4912,5.4027,5.4222
2022-07-27,5.423,5.4507,5.3451,5.3487
2022-07-28,5.3648,5.3785,5.2556,5.2716
2022-07-29,5.2709,5.3059,5.2434,5.2892
2022-08-01,5.2858,5.3326,5.2503,5.3197
2022-08-02,5.3204,5.3716,5.3015,5.3649
2022-08-03,5.3615,5.3864,5.3378,5.3735
2022-08-04,5.3735,5.388,5.3212,5.3405
2022-08-05,5.3387,5.3501,5.25,5.2666
2022-08-08,5.2542,5.2764,5.2029,5.2094
2022-08-09,5.2114,5.2665,5.2079,5.2327
2022-08-10,5.2552,5.2637,5.2061,5.2431
2022-08-11,5.2439,5.3317,5.2364,5.3237
2022-08-12,5.3303,5.332,5.1988,5.2035
2022-08-15,5.2028,5.2365,5.1663,5.1792
2022-08-16,5.1795,5.2434,5.1623,5.2314
2022-08-17,5.2319,5.29,5.2276,5.259
2022-08-18,5.2593,5.2667,5.2099,5.2138
2022-08-19,5.2347,5.2388,5.1859,5.1885
2022-08-22,5.2037,5.2091,5.1176,5.1253
2022-08-23,5.1246,5.1269,5.0646,5.0882
2022-08-24,5.0896,5.1006,5.0548,5.0943
2022-08-25,5.0997,5.1325,5.0776,5.1101
2022-08-26,5.1107,5.1315,5.0395,5.0408
2022-08-29,5.0359,5.0805,5.012,5.0271
2022-08-30,5.0167,5.1312,5.0121,5.1311
2022-08-31,5.1152,5.2334,5.0978,5.2098
2022-09-01,5.2316,5.2323,5.1441,5.2046
2022-09-02,5.2056,5.2412,5.14,5.14
2022-09-05,5.1249,5.1462,5.1036,5.119
2022-09-06,5.12,5.1999,5.1171,5.1867
2022-09-07,5.1863,5.2522,5.1731,5.2414
2022-09-08,5.2424,5.2561,5.1764,5.2071
2022-09-09,5.2083,5.2696,5.1673,5.175
2022-09-12,5.1808,5.2279,5.1443,5.1464
2022-09-13,5.1469,5.2197,5.1469,5.1706
2022-09-14,5.1715,5.1999,5.1503,5.1528
2022-09-15,5.1661,5.2467,5.1492,5.2458
2022-09-16,5.2353,5.2993,5.2201,5.2621
2022-09-19,5.2584,5.2877,5.1517,5.1852
2022-09-20,5.1848,5.2111,5.1261,5.1261
2022-09-21,5.1301,5.1301,5.0728,5.0871
2022-09-22,5.076,5.1026,5.0222,5.0393
2022-09-23,5.0406,5.1059,4.9909,5.0976
2022-09-26,5.1013,5.2026,5.0643,5.1796
2022-09-27,5.1805,5.2051,5.1097,5.1599
2022-09-28,5.1456,5.2346,5.1175,5.2326
2022-09-29,5.2289,5.3022,5.1787,5.298
2022-09-30,5.3075,5.3169,5.2257,5.3079
2022-10-03,5.3192,5.3199,5.0557,5.0728
2022-10-04,5.0734,5.1925,5.059,5.1563
2022-10-05,5.1559,5.1678,5.1126,5.1362
2022-10-06,5.1366,5.156,5.0906,5.1135
2022-10-07,5.0949,5.1222,5.065,5.0768
2022-10-10,5.0726,5.0801,5.0174,5.0337
2022-10-11,5.0332,5.1416,5.0181,5.1364
2022-10-12,5.1152,5.1388,5.108,5.1165
2022-10-13,5.1381,5.1826,5.1096,5.1417
2022-10-14,5.1386,5.1837,5.1129,5.1789
2022-10-17,5.1828,5.2148,5.1367,5.1974
2022-10-18,5.2057,5.2167,5.1638,5.1681
2022-10-19,5.1688,5.1949,5.1266,5.1559
2022-10-20,5.1563,5.1844,5.0914,5.103
2022-10-21,5.1065,5.1306,5.0706,5.0929
2022-10-24,5.0808,5.2404,5.0697,5.2394
2022-10-25,5.2404,5.3039,5.2029,5.2984
2022-10-26,5.294,5.4315,5.2871,5.4293
2022-10-27,5.4269,5.4288,5.246,5.3202
2022-10-28,5.3239,5.3462,5.2634,5.2774
2022-10-31,5.2731,5.363,5.0987,5.1184
2022-11-01,5.1003,5.1583,5.0307,5.0796
2022-11-02,5.0374,5.1159,5.0071,5.0488
2022-11-03,5.0063,5.084,4.9664,4.9846
2022-11-04,4.9844,5.0553,4.9642,5.0357
2022-11-07,5.0206,5.1846,5.016,5.1674
2022-11-08,5.1655,5.2348,5.1123,5.1861
2022-11-09,5.1876,5.2208,5.1615,5.1927
2022-11-10,5.1726,5.4984,5.1331,5.4558
2022-11-11,5.4542,5.5594,5.42,5.5363
2022-11-14,5.5062,5.5193,5.4064,5.4891
2022-11-15,5.4878,5.5586,5.4643,5.4986
2022-11-16,5.4993,5.6107,5.4933,5.5971
2022-11-17,5.5979,5.6936,5.5649,5.6219
2022-11-18,5.6205,5.66,5.5159,5.546
2022-11-21,5.5483,5.5577,5.4278,5.4359
2022-11-22,5.4372,5.5521,5.4226,5.5223
2022-11-23,5.5224,5.6002,5.5191,5.5705
2022-11-24,5.6168,5.6313,5.5188,5.5398
2022-11-25,5.526,5.6372,5.511,5.6275
2022-11-28,5.6152,5.6812,5.5452,5.5467
2022-11-29,5.546,5.5734,5.4413,5.455
2022-11-30,5.4555,5.5109,5.3865,5.3951
2022-12-01,5.3954,5.47,5.3933,5.467
2022-12-02,5.4649,5.5008,5.4216,5.4978
2022-12-05,5.4943,5.5539,5.4927,5.5326
2022-12-06,5.54,5.5475,5.4751,5.5071
2022-12-07,5.48,5.5275,5.4599,5.4647
2022-12-08,5.467,5.5339,5.4592,5.499
2022-12-09,5.4995,5.5621,5.4951,5.528
2022-12-12,5.5271,5.6383,5.5092,5.605
2022-12-13,5.6029,5.6521,5.5722,5.6298
2022-12-14,5.6301,5.7149,5.6235,5.6389
2022-12-15,5.6387,5.7193,5.6124,5.6392
2022-12-16,5.6467,5.6714,5.5837,5.6063
2022-12-19,5.6072,5.6581,5.6047,5.6261
2022-12-20,5.6248,5.6549,5.5064,5.5304
2022-12-21,5.5337,5.5467,5.4858,5.5151
2022-12-22,5.5162,5.5405,5.4653,5.4987
2022-12-23,5.4975,5.5147,5.4348,5.4842
2022-12-26,5.4829,5.5503,5.4807,5.5334
2022-12-27,5.5331,5.6333,5.5311,5.6139
2022-12-28,5.6155,5.6305,5.5582,5.5895
2022-12-29,5.5678,5.6517,5.5339,5.6408
2022-12-30,5.6362,5.6717,5.6296,5.6674
2023-01-02,5.6667,5.7294,5.6503,5.7113
2023-01-03,5.7132,5.7814,5.6345,5.7803
2023-01-04,5.7803,5.8037,5.7539,5.7729
2023-01-05,5.7728,5.7865,5.6294,5.6405
2023-01-06,5.6432,5.6494,5.552,5.5783
2023-01-09,5.577,5.6968,5.5762,5.6402
2023-01-10,5.6401,5.653,5.5802,5.5919
2023-01-11,5.5925,5.6156,5.5461,5.5685
2023-01-12,5.5684,5.5772,5.5073,5.5427
2023-01-13,5.5473,5.5677,5.4995,5.5192
2023-01-16,5.5187,5.5794,5.5133,5.5744
2023-01-17,5.5736,5.5817,5.4995,5.5103
2023-01-18,5.5106,5.6006,5.4925,5.5982
2023-01-19,5.5969,5.6675,5.5684,5.5979
2023-01-20,5.5984,5.6605,5.5892,5.6383
2023-01-23,5.6435,5.6788,5.6149,5.6614
2023-01-24,5.6617,5.666,5.5884,5.6071
2023-01-25,5.6059,5.6215,5.5237,5.538
2023-01-26,5.5388,5.5726,5.5094,5.5212
2023-01-27,5.5216,5.5581,5.4931,5.5469
2023-01-30,5.5454,5.5833,5.5357,5.5472
2023-01-31,5.547,5.5637,5.509,5.5159
2023-02-01,5.5171,5.5692,5.5079,5.5544
2023-02-02,5.5555,5.6078,5.4362,5.4908
2023-02-03,5.4905,5.5907,5.4753,5.5381
2023-02-06,5.5334,5.5859,5.5159,5.5193
2023-02-07,5.5595,5.5923,5.4975,5.5767
2023-02-08,5.5751,5.6197,5.5514,5.5671
2023-02-09,5.5664,5.6841,5.5656,5.6816
2023-02-10,5.6817,5.682,5.5646,5.5807
2023-02-13,5.5832,5.5857,5.5253,5.5328
2023-02-14,5.532,5.6027,5.5226,5.5874
2023-02-15,5.5891,5.5979,5.5484,5.5778
2023-02-16,5.5779,5.6092,5.5587,5.5591
2023-02-17,5.5597,5.576,5.507,5.5164
2023-02-20,5.5138,5.5416,5.4911,5.5383
2023-02-21,5.5378,5.5398,5.4949,5.5247
2023-02-22,5.5258,5.5326,5.4622,5.4746
2023-02-23,5.4749,5.486,5.4198,5.4417
2023-02-24,5.4431,5.4992,5.4152,5.4873
2023-02-27,5.4877,5.5237,5.466,5.5012
2023-02-28,5.5011,5.5567,5.4671,5.5224
2023-03-01,5.5228,5.5814,5.5171,5.5421
2023-03-02,5.5425,5.5438,5.4952,5.5067
2023-03-03,5.5082,5.5375,5.5063,5.5292
2023-03-06,5.5254,5.5561,5.5033,5.5243
2023-03-07,5.5211,5.5348,5.4734,5.4825
2023-03-08,5.4824,5.485,5.3913,5.4244
2023-03-09,5.4255,5.4674,5.4048,5.4645
2023-03-10,5.4664,5.5541,5.4227,5.5493
2023-03-13,5.5761,5.6525,5.5597,5.6342
2023-03-14,5.6344,5.6456,5.6016,5.6342
2023-03-15,5.6336,5.6496,5.5575,5.6009
2023-03-16,5.6013,5.6223,5.5463,5.565
2023-03-17,5.5637,5.6343,5.563,5.6255
2023-03-20,5.6369,5.6595,5.5979,5.6224
2023-03-21,5.6229,5.6611,5.6081,5.6361
2023-03-22,5.6368,5.691,5.617,5.6627
2023-03-23,5.6629,5.7468,5.6586,5.7299
2023-03-24,5.7306,5.7406,5.6383,5.652
2023-03-27,5.6529,5.6551,5.6078,5.6124
2023-03-28,5.631,5.6505,5.5798,5.6043
2023-03-29,5.6053,5.6204,5.5607,5.5672
2023-03-30,5.5897,5.6272,5.5356,5.5588
2023-03-31,5.5577,5.5577,5.488,5.4892
2023-04-03,5.4735,5.5365,5.4642,5.5353
2023-04-04,5.5368,5.5828,5.5052,5.5718
2023-04-05,5.5728,5.5728,5.4883,5.4901
2023-04-06,5.49,5.5383,5.4814,5.5238
2023-04-07,5.5192,5.5255,5.5064,5.5116
2023-04-10,5.5134,5.5242,5.4822,5.5125
2023-04-11,5.5131,5.542,5.4527,5.4609
2023-04-12,5.4611,5.4719,5.409,5.4253
2023-04-13,5.4253,5.4456,5.4024,5.4429
2023-04-14,5.4428,5.4627,5.3961,5.4068
2023-04-17,5.3959,5.4112,5.3739,5.3842
2023-04-18,5.3849,5.476,5.384,5.4716
2023-04-19,5.474,5.5714,5.4454,5.5633
2023-04-20,5.5643,5.5748,5.5242,5.5337
2023-04-21,5.5344,5.5602,5.525,5.5602
2023-04-24,5.5479,5.5987,5.5429,5.5595
2023-04-25,5.5695,5.5851,5.5419,5.5441
2023-04-26,5.5632,5.6208,5.5381,5.5686
2023-04-27,5.587,5.587,5.4794,5.4888
2023-04-28,5.4893,5.5322,5.4635,5.493
2023-05-01,5.4938,5.5026,5.471,5.4738
2023-05-02,5.4749,5.5556,5.4622,5.5493
2023-05-03,5.5492,5.5773,5.509,5.5272
2023-05-04,5.5229,5.5482,5.4822,5.4965
2023-05-05,5.4958,5.5161,5.4284,5.4568
2023-05-08,5.4428,5.5187,5.4391,5.5062
2023-05-09,5.5053,5.5145,5.4496,5.4774
2023-05-10,5.4758,5.484,5.4245,5.4417
2023-05-11,5.443,5.4482,5.3775,5.392
2023-05-12,5.3918,5.3982,5.3387,5.3436
2023-05-15,5.3427,5.3647,5.3143,5.3167
2023-05-16,5.3195,5.3772,5.3059,5.3664
2023-05-17,5.359,5.3757,5.3348,5.3548
2023-05-18,5.3477,5.3667,5.3273,5.3485
2023-05-19,5.3486,5.4055,5.3408,5.4029
2023-05-22,5.4021,5.4141,5.3567,5.3618
2023-05-23,5.371,5.3756,5.3343,5.3614
2023-05-24,5.3609,5.3645,5.3152,5.3244
2023-05-25,5.3253,5.4077,5.3134,5.4013
2023-05-26,5.3949,5.4095,5.3454,5.3568
2023-05-29,5.3587,5.3766,5.3298,5.3689
2023-05-30,5.3686,5.4325,5.3658,5.4113
2023-05-31,5.4112,5.4618,5.3552,5.4019
2023-06-01,5.4232,5.4362,5.378,5.3957
2023-06-02,5.3879,5.3991,5.3006,5.3087
2023-06-05,5.3087,5.3172,5.2638,5.2777
2023-06-06,5.2741,5.2873,5.2381,5.2544
2023-06-07,5.2498,5.2781,5.2371,5.2618
2023-06-08,5.2619,5.3088,5.2619,5.3026
2023-06-09,5.3026,5.308,5.2334,5.2439
2023-06-12,5.2423,5.269,5.2286,5.2289
2023-06-13,5.2353,5.2583,5.231,5.2459
2023-06-14,5.2463,5.2611,5.194,5.215
2023-06-15,5.2171,5.2695,5.2061,5.2639
2023-06-16,5.2507,5.3064,5.2502,5.2734
2023-06-19,5.2737,5.2743,5.2015,5.2131
2023-06-20,5.2129,5.2442,5.1979,5.2309
2023-06-21,5.2306,5.2521,5.2181,5.2333
2023-06-22,5.2345,5.248,5.2175,5.229
2023-06-23,5.2291,5.2294,5.186,5.2088
2023-06-26,5.2191,5.2212,5.1925,5.1986
2023-06-27,5.1958,5.2741,5.1958,5.2737
2023-06-28,5.2556,5.3192,5.2485,5.2922
2023-06-29,5.2785,5.3028,5.2597,5.2829
2023-06-30,5.2825,5.2854,5.2215,5.2269
2023-07-03,5.2208,5.2483,5.1904,5.2384
2023-07-04,5.238,5.2766,5.2136,5.2614
2023-07-05,5.2607,5.298,5.2547,5.2594
2023-07-06,5.2594,5.3773,5.2578,5.3609
2023-07-07,5.3615,5.3661,5.3146,5.3427
2023-07-10,5.3425,5.3794,5.3179,5.3691
2023-07-11,5.3686,5.4037,5.3393,5.3494
2023-07-12,5.3501,5.3718,5.3113,5.3648
2023-07-13,5.3641,5.395,5.3587,5.3832
2023-07-14,5.384,5.4068,5.3618,5.3778
2023-07-17,5.3778,5.4378,5.3653,5.402
2023-07-18,5.4023,5.4186,5.3837,5.4019
2023-07-19,5.4006,5.4048,5.3537,5.3565
2023-07-20,5.3566,5.3786,5.3303,5.3441
2023-07-21,5.3451,5.3571,5.293,5.31
2023-07-24,5.3186,5.3193,5.2301,5.2362
2023-07-25,5.2363,5.2547,5.205,5.2537
2023-07-26,5.253,5.2672,5.2325,5.2405
2023-07-27,5.2408,5.2696,5.1838,5.2105
2023-07-28,5.2124,5.2321,5.174,5.2096
2023-07-31,5.2139,5.2456,5.1799,5.2014
2023-08-01,5.2014,5.2668,5.1882,5.2668
2023-08-02,5.2795,5.2817,5.2476,5.2644
2023-08-03,5.264,5.3846,5.2494,5.3844
2023-08-04,5.3862,5.3904,5.3439,5.3555
2023-08-07,5.3667,5.4049,5.3348,5.3896
2023-08-08,5.3868,5.4001,5.3567,5.3692
2023-08-09,5.3658,5.396,5.3547,5.3819
2023-08-10,5.3828,5.409,5.3329,5.3735
2023-08-11,5.3728,5.3802,5.3429,5.3624
2023-08-14,5.3695,5.4203,5.3477,5.4088
2023-08-15,5.409,5.4612,5.4087,5.4423
2023-08-16,5.4426,5.4527,5.4032,5.4193
2023-08-17,5.4192,5.4349,5.4073,5.4224
2023-08-18,5.4242,5.4341,5.3907,5.4032
2023-08-21,5.4022,5.4351,5.3896,5.4251
2023-08-22,5.4237,5.4336,5.3465,5.3562
2023-08-23,5.3486,5.3622,5.2661,5.2762
2023-08-24,5.2808,5.2882,5.2585,5.2689
2023-08-25,5.2758,5.281,5.2494,5.2582
2023-08-28,5.2585,5.3048,5.2561,5.273
2023-08-29,5.2783,5.2912,5.2491,5.2844
2023-08-30,5.2856,5.3442,5.2551,5.3441
2023-08-31,5.3451,5.3755,5.2806,5.3711
2023-09-01,5.3731,5.3738,5.3165,5.317
2023-09-04,5.3328,5.3353,5.2967,5.3295
2023-09-05,5.3298,5.3424,5.2997,5.337
2023-09-06,5.3373,5.3596,5.3103,5.3462
2023-09-07,5.347,5.3476,5.3199,5.3236
2023-09-08,5.3328,5.3518,5.3149,5.3324
2023-09-11,5.3384,5.3488,5.2876,5.3019
2023-09-12,5.3027,5.3261,5.2824,5.3202
2023-09-13,5.321,5.3217,5.2609,5.2752
2023-09-14,5.2764,5.2841,5.1783,5.1807
2023-09-15,5.1858,5.2003,5.1769,5.1888
2023-09-18,5.1911,5.1954,5.1717,5.1838
2023-09-19,5.1837,5.2048,5.1595,5.2041
2023-09-20,5.204,5.2178,5.1839,5.2022
2023-09-21,5.1854,5.2623,5.1658,5.2612
2023-09-22,5.2557,5.2636,5.2252,5.2528
2023-09-25,5.2486,5.267,5.2437,5.2612
2023-09-26,5.2637,5.2784,5.2519,5.2761
2023-09-27,5.2727,5.3259,5.2556,5.2978
2023-09-28,5.298,5.3375,5.2937,5.3168
2023-09-29,5.3173,5.3658,5.2774,5.3214
2023-10-02,5.315,5.3303,5.2985,5.3163
2023-10-03,5.3153,5.4097,5.2961,5.407
2023-10-04,5.3875,5.4312,5.3875,5.4102
2023-10-05,5.4159,5.4606,5.4153,5.4518
2023-10-06,5.4527,5.4798,5.4458,5.4489
2023-10-09,5.4457,5.4537,5.4139,5.4261
2023-10-10,5.4199,5.4384,5.353,5.3717
2023-10-11,5.3715,5.376,5.3394,5.3695
2023-10-12,5.3695,5.3695,5.3112,5.313
2023-10-13,5.3242,5.3604,5.3118,5.3566
2023-10-16,5.3446,5.3469,5.3132,5.3203
2023-10-17,5.3183,5.3437,5.3047,5.3284
2023-10-18,5.328,5.3445,5.3124,5.3301
2023-10-19,5.3214,5.3595,5.3211,5.3446
2023-10-20,5.3436,5.3892,5.3272,5.3304
2023-10-23,5.3218,5.3548,5.3197,5.3484
2023-10-24,5.3507,5.3561,5.2856,5.2951
2023-10-25,5.2938,5.3038,5.273,5.2918
2023-10-26,5.2907,5.2921,5.2519,5.2737
2023-10-27,5.2755,5.3015,5.216,5.2972
2023-10-30,5.295,5.3656,5.2669,5.3639
2023-10-31,5.3637,5.389,5.3252,5.3267
2023-11-01,5.3278,5.3278,5.2339,5.2358
2023-11-02,5.2394,5.2931,5.2393,5.2614
2023-11-03,5.2592,5.2858,5.2273,5.2512
2023-11-06,5.248,5.2713,5.233,5.241
2023-11-07,5.2406,5.2432,5.1877,5.2133
2023-11-08,5.2072,5.2593,5.1843,5.2529
2023-11-09,5.2522,5.2715,5.237,5.2504
2023-11-10,5.2496,5.2811,5.2335,5.2371
2023-11-13,5.2505,5.271,5.2379,5.2494
2023-11-14,5.2502,5.295,5.2321,5.2889
2023-11-15,5.2885,5.2951,5.2581,5.2733
2023-11-16,5.2747,5.3013,5.25,5.2769
2023-11-17,5.2766,5.3558,5.2704,5.3459
2023-11-20,5.3441,5.3578,5.3056,5.3085
2023-11-21,5.3081,5.3521,5.3058,5.3505
2023-11-22,5.3511,5.3534,5.3116,5.3422
2023-11-23,5.3422,5.3575,5.3267,5.3509
2023-11-24,5.3508,5.3662,5.329,5.3554
2023-11-27,5.3578,5.3771,5.3324,5.3637
2023-11-28,5.3708,5.3802,5.337,5.3557
2023-11-29,5.3568,5.3851,5.347,5.3793
2023-11-30,5.379,5.406,5.3263,5.3645
2023-12-01,5.3563,5.3704,5.2973,5.3107
2023-12-04,5.2994,5.3629,5.2736,5.3559
2023-12-05,5.3635,5.3718,5.309,5.3242
2023-12-06,5.3206,5.3228,5.2745,5.2769
2023-12-07,5.2731,5.3046,5.2562,5.3019
2023-12-08,5.2962,5.3085,5.2701,5.3074
2023-12-11,5.3002,5.3335,5.2812,5.3156
2023-12-12,5.3092,5.3632,5.2986,5.3606
2023-12-13,5.3581,5.3697,5.3334,5.3484
2023-12-14,5.359,5.4323,5.3287,5.4041
2023-12-15,5.3936,5.4083,5.3767,5.3822
2023-12-18,5.3848,5.4033,5.3455,5.3485
2023-12-19,5.3549,5.3632,5.3293,5.3458
2023-12-20,5.3393,5.3813,5.3149,5.3813
2023-12-21,5.3561,5.3983,5.3473,5.3788
2023-12-22,5.3794,5.3885,5.3407,5.3505
2023-12-25,5.3443,5.3455,5.3419,5.3436
2023-12-26,5.3404,5.3478,5.3139,5.3144
2023-12-27,5.3259,5.3736,5.292,5.3607
2023-12-28,5.3649,5.3966,5.3558,5.3652
2023-12-29,5.3663,5.3768,5.3518,5.3539
2024-01-01,5.3596,5.3596,5.3571,5.3571
2024-01-02,5.359,5.3874,5.3216,5.3866
2024-01-03,5.3896,5.3968,5.3567,5.3751
2024-01-04,5.3699,5.3982,5.3584,5.3584
2024-01-05,5.3591,5.3705,5.3293,5.3322
2024-01-08,5.3296,5.3593,5.3279,5.3325
2024-01-09,5.3389,5.3632,5.3321,5.3621
2024-01-10,5.361,5.3723,5.3406,5.3659
2024-01-11,5.3657,5.3734,5.3272,5.3441
2024-01-12,5.3441,5.3484,5.3059,5.315
2024-01-15,5.316,5.3451,5.314,5.3249
2024-01-16,5.3093,5.3607,5.2864,5.3564
2024-01-17,5.3566,5.3772,5.3465,5.3709
2024-01-18,5.3717,5.3782,5.3486,5.358
2024-01-19,5.3574,5.3758,5.3393,5.3731
2024-01-22,5.3784,5.433,5.3754,5.4294
2024-01-23,5.4283,5.4362,5.3645,5.376
2024-01-24,5.3785,5.3982,5.3509,5.3692
2024-01-25,5.3695,5.371,5.323,5.3356
2024-01-26,5.335,5.3467,5.3293,5.336
2024-01-29,5.331,5.3486,5.3183,5.3458
2024-01-30,5.3638,5.3907,5.3579,5.3708
2024-01-31,5.3699,5.3854,5.3486,5.3582
2024-02-01,5.3533,5.3723,5.3202,5.345
2024-02-02,5.3452,5.3682,5.3412,5.3612
2024-02-05,5.3546,5.3813,5.337,5.355
2024-02-06,5.3585,5.3596,5.3218,5.3377
2024-02-07,5.3422,5.3543,5.3362,5.3534
2024-02-08,5.3528,5.3855,5.3452,5.3808
2024-02-09,5.3793,5.3805,5.3395,5.3412
2024-02-12,5.3468,5.3468,5.3316,5.3359
2024-02-13,5.3364,5.3424,5.3016,5.305
2024-02-14,5.3049,5.3382,5.2996,5.3299
2024-02-15,5.3308,5.3585,5.3248,5.3574
2024-02-16,5.3555,5.361,5.341,5.3524
2024-02-19,5.3573,5.3573,5.334,5.3435
2024-02-20,5.3369,5.3563,5.3232,5.3252
2024-02-21,5.3262,5.3441,5.3177,5.3402
2024-02-22,5.3407,5.3728,5.3399,5.3687
2024-02-23,5.369,5.4075,5.3681,5.4035
2024-02-26,5.4015,5.4192,5.3938,5.4038
2024-02-27,5.4027,5.4067,5.3483,5.3502
2024-02-28,5.3502,5.3905,5.3342,5.3825
2024-02-29,5.3829,5.408,5.3675,5.3716
2024-03-01,5.3771,5.3798,5.3564,5.3696
2024-03-04,5.3707,5.3782,5.3617,5.368
2024-03-05,5.3681,5.3851,5.3646,5.3827
2024-03-06,5.3821,5.3933,5.3675,5.3889
2024-03-07,5.3882,5.4027,5.3778,5.4022
2024-03-08,5.4016,5.4563,5.4008,5.4467
2024-03-11,5.4506,5.4528,5.4201,5.4404
2024-03-12,5.4418,5.4448,5.4232,5.43
2024-03-13,5.4301,5.4524,5.4293,5.442
2024-03-14,5.4425,5.4431,5.4173,5.436
2024-03-15,5.4362,5.4451,5.4283,5.4402
2024-03-18,5.4402,5.4724,5.433,5.4697
2024-03-19,5.47,5.4803,5.4417,5.4662
2024-03-20,5.4644,5.4647,5.4236,5.4352
2024-03-21,5.4369,5.44,5.3966,5.402
2024-03-22,5.4015,5.4123,5.381,5.4065
2024-03-25,5.4059,5.4164,5.3791,5.3892
2024-03-26,5.3893,5.4108,5.3891,5.396
2024-03-27,5.3958,5.4048,5.3823,5.4047
2024-03-28,5.3842,5.4122,5.3618,5.4118
2024-03-29,5.4015,5.4152,5.382,5.4032
2024-04-01,5.413,5.4432,5.391,5.4305
2024-04-02,5.43,5.4571,5.4032,5.4571
2024-04-03,5.4479,5.4964,5.4348,5.4598
2024-04-04,5.4578,5.4822,5.4406,5.4818
2024-04-05,5.4588,5.4951,5.4464,5.4912
2024-04-08,5.4915,5.4929,5.4556,5.4606
2024-04-09,5.4613,5.4672,5.4291,5.4354
2024-04-10,5.4352,5.4617,5.4148,5.4565
2024-04-11,5.456,5.4625,5.4334,5.4612
2024-04-12,5.4586,5.4729,5.4181,5.4586
2024-04-15,5.4604,5.5333,5.4468,5.5031
2024-04-16,5.5035,5.6202,5.5035,5.6131
2024-04-17,5.5781,5.6278,5.563,5.5951
2024-04-18,5.5966,5.6152,5.5753,5.5922
2024-04-19,5.5919,5.6187,5.5243,5.5489
2024-04-22,5.5338,5.5514,5.5025,5.503
2024-04-23,5.5117,5.5328,5.4812,5.4913
2024-04-24,5.4861,5.527,5.4762,5.5057
2024-04-25,5.5061,5.544,5.4931,5.5292
2024-04-26,5.5295,5.5421,5.4652,5.4708
2024-04-29,5.4763,5.4905,5.462,5.4785
2024-04-30,5.4785,5.5469,5.4734,5.5341
2024-05-01,5.5343,5.5502,5.5132,5.5502
2024-05-02,5.5528,5.5638,5.454,5.4805
2024-05-03,5.4787,5.4958,5.4505,5.459
2024-05-06,5.458,5.489,5.4518,5.459
2024-05-07,5.4593,5.4746,5.4384,5.4579
2024-05-08,5.4527,5.4872,5.4329,5.4689
2024-05-09,5.4772,5.572,5.4494,5.5439
2024-05-10,5.5469,5.5588,5.52,5.557
2024-05-13,5.5547,5.5719,5.5352,5.5566
2024-05-14,5.5566,5.5632,5.5381,5.548
2024-05-15,5.5476,5.5963,5.533,5.5885
2024-05-16,5.594,5.5956,5.5467,5.5739
2024-05-17,5.573,5.573,5.5458,5.5489
2024-05-20,5.5481,5.567,5.5317,5.542
2024-05-21,5.5457,5.5631,5.519,5.5606
2024-05-22,5.5518,5.5934,5.5358,5.5774
2024-05-23,5.5796,5.5926,5.5553,5.5627
2024-05-24,5.5774,5.6134,5.5532,5.6083
2024-05-27,5.6103,5.6261,5.5949,5.6162
2024-05-28,5.6167,5.6326,5.5841,5.6013
2024-05-29,5.6009,5.6341,5.5921,5.6235
2024-05-30,5.6228,5.658,5.5909,5.6379
2024-05-31,5.6384,5.706,5.6051,5.6896
2024-06-03,5.6941,5.7246,5.6779,5.7245
2024-06-04,5.728,5.7605,5.678,5.7547
2024-06-05,5.755,5.7649,5.7245,5.7632
2024-06-06,5.7609,5.7752,5.7076,5.726
2024-06-07,5.7097,5.7814,5.6911,5.7814
2024-06-10,5.7704,5.7796,5.7409,5.7632
2024-06-11,5.7656,5.768,5.7226,5.7636
2024-06-12,5.7573,5.8727,5.7397,5.8243
2024-06-13,5.8235,5.839,5.7575,5.7658
2024-06-14,5.764,5.7665,5.7157,5.7567
2024-06-17,5.753,5.8261,5.7529,5.8209
2024-06-18,5.8205,5.8455,5.7955,5.8429
2024-06-19,5.8255,5.8886,5.825,5.8272
2024-06-20,5.8255,5.8554,5.7747,5.838
2024-06-21,5.8255,5.8444,5.7962,5.8057
2024-06-24,5.8022,5.8491,5.7757,5.7876
2024-06-25,5.7852,5.8457,5.7743,5.8451
2024-06-26,5.839,5.8994,5.8041,5.8949
2024-06-27,5.8954,5.9255,5.8791,5.8941
2024-06-28,5.8934,5.9965,5.8706,5.9965
2024-07-01,5.9953,6.0786,5.9787,6.0747
2024-07-02,6.0738,6.1204,6.0251,6.1
2024-07-03,6.1005,6.1078,5.9811,5.9957
2024-07-04,5.9963,6.0012,5.9023,5.9355
2024-07-05,5.9354,5.9806,5.9148,5.9148
2024-07-08,5.9115,5.9541,5.8966,5.9225
2024-07-09,5.9257,5.9262,5.8511,5.8607
2024-07-10,5.8572,5.87,5.8173,5.8652
2024-07-11,5.8577,5.9225,5.8447,5.9115
2024-07-12,5.9075,5.9556,5.8946,5.9216
2024-07-15,5.9099,5.9705,5.8972,5.9357
2024-07-16,5.9282,5.9429,5.8837,5.9163
2024-07-17,5.9158,6.0053,5.8997,6.0052
2024-07-18,5.997,6.0887,5.9742,6.0401
2024-07-19,6.0448,6.1014,6.0199,6.1014
2024-07-22,6.116,6.116,6.0258,6.0626
2024-07-23,6.0639,6.0849,6.0314,6.0649
2024-07-24,6.069,6.1326,6.0427,6.1303
2024-07-25,6.1326,6.1654,6.1036,6.1262
2024-07-26,6.1224,6.1569,6.1076,6.1523
2024-07-29,6.1583,6.1583,6.0766,6.0777
2024-07-30,6.0957,6.1145,6.0654,6.0691
2024-07-31,6.0818,6.1582,6.0688,6.1271
2024-08-01,6.1288,6.2095,6.0733,6.1917
2024-08-02,6.1915,6.281,6.1848,6.2479
2024-08-05,6.2549,6.382,6.2338,6.2697
2024-08-06,6.2817,6.2857,6.1552,6.1817
2024-08-07,6.169,6.1812,6.1141,6.1582
2024-08-08,6.1479,6.1784,6.0543,6.0551
2024-08-09,6.0789,6.0805,5.9972,6.0099
2024-08-12,6.0137,6.034,5.9811,6.0051
2024-08-13,6.0149,6.0217,5.9824,5.9983
2024-08-14,5.9984,6.0401,5.9812,6.0232
2024-08-15,6.0235,6.029,5.9823,6.0166
2024-08-16,6.0162,6.038,5.9805,6.0371
2024-08-19,6.0355,6.0404,5.9566,5.9906
2024-08-20,5.9927,6.1064,5.9684,6.1064
2024-08-21,6.1054,6.1389,6.0711,6.1051
2024-08-22,6.1075,6.2136,6.0962,6.2135
2024-08-23,6.2087,6.2229,6.1271,6.1404
2024-08-26,6.1391,6.1555,6.1141,6.1215
2024-08-27,6.1227,6.1708,6.0989,6.1612
2024-08-28,6.1506,6.1917,6.1183,6.1851
2024-08-29,6.1865,6.2583,6.1543,6.2367
2024-08-30,6.2279,6.288,6.1721,6.1988
2024-09-02,6.2003,6.2591,6.1989,6.2174
2024-09-03,6.2185,6.2405,6.1644,6.2306
2024-09-04,6.2289,6.2597,6.2095,6.2417
2024-09-05,6.2424,6.2609,6.1852,6.1979
2024-09-06,6.1987,6.2111,6.1456,6.2027
2024-09-09,6.2084,6.2235,6.1579,6.1622
2024-09-10,6.1623,6.2476,6.1454,6.2405
2024-09-11,6.2299,6.2529,6.1832,6.2424
2024-09-12,6.218,6.2618,6.2145,6.2316
2024-09-13,6.2316,6.2429,6.1462,6.1619
2024-09-16,6.1668,6.2019,6.1171,6.1275
2024-09-17,6.1385,6.1451,6.0889,6.0938
2024-09-18,6.0924,6.1081,6.0551,6.0721
2024-09-19,6.0757,6.1016,6.0195,6.0526
2024-09-20,6.0567,6.1648,6.0308,6.1558
2024-09-23,6.1484,6.2133,6.0986,6.132
2024-09-24,6.1321,6.1622,6.0745,6.0977
2024-09-25,6.0981,6.1421,6.0724,6.0943
2024-09-26,6.0986,6.1118,6.0361,6.0777
2024-09-27,6.0804,6.1075,6.0365,6.0658
2024-09-30,6.0639,6.113,6.0538,6.0682
2024-10-01,6.0682,6.0718,6.0033,6.0047
2024-10-02,6.0052,6.0474,5.9851,6.0111
2024-10-03,6.0145,6.0695,6.0022,6.0427
2024-10-04,6.0296,6.0598,5.9757,5.9852
2024-10-07,5.9862,6.0331,5.9531,6.0325
2024-10-08,6.023,6.0806,6.0178,6.0765
2024-10-09,6.0698,6.125,6.0493,6.1241
2024-10-10,6.1206,6.1262,6.0883,6.1049
2024-10-11,6.1049,6.1764,6.0859,6.1307
2024-10-14,6.1339,6.1638,6.0705,6.1042
2024-10-15,6.0815,6.1642,6.0787,6.1575
2024-10-16,6.1605,6.1995,6.1327,6.1585
2024-10-17,6.1505,6.1776,6.1216,6.1411
2024-10-18,6.1412,6.1913,6.1076,6.188
2024-10-21,6.1844,6.2233,6.1513,6.1535
2024-10-22,6.1672,6.176,6.1405,6.1581
2024-10-23,6.1585,6.1734,6.1305,6.1313
2024-10-24,6.1351,6.1788,6.1134,6.1347
2024-10-25,6.158,6.1748,6.1267,6.1608
2024-10-28,6.1611,6.1887,6.1538,6.1646
2024-10-29,6.164,6.2337,6.1534,6.2252
2024-10-30,6.225,6.2776,6.225,6.2405
2024-10-31,6.2591,6.3047,6.2402,6.3043
2024-11-01,6.2871,6.3623,6.2716,6.3596
2024-11-04,6.3839,6.4037,6.2721,6.2991
2024-11-05,6.2737,6.3273,6.2691,6.2854
2024-11-06,6.2847,6.2847,6.0858,6.0963
2024-11-07,6.0982,6.1735,6.0783,6.1507
2024-11-08,6.151,6.217,6.1181,6.1503
2024-11-11,6.1753,6.1905,6.1287,6.1324
2024-11-12,6.147,6.1472,6.1066,6.1077
2024-11-13,6.1218,6.1476,6.0917,6.1337
2024-11-14,6.1398,6.1402,6.0862,6.0943
2024-11-15,6.0882,6.1294,6.0861,6.1039
2024-11-18,6.107,6.1221,6.066,6.0907
2024-11-19,6.0818,6.1306,6.0578,6.1131
2024-11-20,6.1179,6.121,6.075,6.0887
2024-11-21,6.0882,6.1329,6.0624,6.0899
2024-11-22,6.0878,6.0908,6.0283,6.0423
2024-11-25,6.0909,6.1072,6.0547,6.0851
2024-11-26,6.0926,6.1175,6.0608,6.0926
2024-11-27,6.0892,6.2749,6.0869,6.2745
2024-11-28,6.2531,6.3494,6.2437,6.3488
2024-11-29,6.3518,6.451,6.3061,6.3308
2024-12-02,6.3568,6.3874,6.3147,6.3662
2024-12-03,6.366,6.4086,6.3467,6.3524
2024-12-04,6.3556,6.3779,6.3408,6.3498
2024-12-05,6.3446,6.3662,6.3022,6.3662
2024-12-06,6.3453,6.4357,6.3444,6.4351
2024-12-09,6.4266,6.4451,6.3849,6.4152
2024-12-10,6.415,6.4219,6.3424,6.3789
2024-12-11,6.379,6.3815,6.2459,6.2495
2024-12-12,6.249,6.3477,6.1741,6.2716
2024-12-13,6.2737,6.373,6.2704,6.3493
2024-12-16,6.3419,6.4644,6.3288,6.4637
2024-12-17,6.4637,6.515,6.3717,6.4048
2024-12-18,6.3983,6.5311,6.3839,6.5105
2024-12-19,6.5127,6.5473,6.3329,6.3755
2024-12-20,6.3759,6.3844,6.2963,6.3455
2024-12-23,6.3094,6.4485,6.2865,6.4455
2024-12-24,6.4428,6.4432,6.4137,6.4371
2024-12-25,6.4368,6.4368,6.4368,6.4368
2024-12-26,6.4266,6.4442,6.4009,6.4442
2024-12-27,6.4314,6.4813,6.4302,6.4597
2024-12-30,6.4664,6.495,6.4046,6.4311
2024-12-31,6.434,6.4491,6.3984,6.4055
2025-01-01,6.403,6.4052,6.3999,6.4042
2025-01-02,6.4036,6.4265,6.3071,6.3161
2025-01-03,6.3196,6.3804,6.3149,6.3713
2025-01-06,6.3707,6.4303,6.3312,6.353
2025-01-07,6.3448,6.3764,6.2796,6.3083
2025-01-08,6.3111,6.3331,6.2852,6.3004
2025-01-09,6.3129,6.3141,6.2147,6.217
2025-01-10,6.2361,6.2795,6.2156,6.2483
2025-01-13,6.2468,6.2551,6.2031,6.2225
2025-01-14,6.2355,6.2605,6.201,6.2425
2025-01-15,6.2351,6.249,6.1834,6.1842
2025-01-16,6.1852,6.2504,6.1614,6.2487
2025-01-17,6.2468,6.2624,6.2071,6.2342
2025-01-20,6.2295,6.3009,6.2281,6.293
2025-01-21,6.2913,6.2974,6.2493,6.2811
2025-01-22,6.2809,6.2989,6.1664,6.1852
2025-01-23,6.1743,6.2053,6.1311,6.1703
2025-01-24,6.1492,6.2134,6.1486,6.1929
2025-01-27,6.1862,6.2548,6.1806,6.1823
2025-01-28,6.2028,6.2041,6.1082,6.1091
2025-01-29,6.115,6.1259,6.0767,6.1021
2025-01-30,6.1129,6.1773,6.0886,6.1042
2025-01-31,6.0937,6.1073,6.0321,6.0486
2025-02-03,5.9856,6.0526,5.9678,6.0161
2025-02-04,6.0107,6.0191,5.9715,5.9718
2025-02-05,5.9907,6.0577,5.9714,6.0199
2025-02-06,6.021,6.0385,5.9653,5.9819
2025-02-07,5.9764,6.0019,5.9512,5.9877
2025-02-10,5.9649,6.0035,5.952,5.9646
2025-02-11,5.9572,5.9915,5.9509,5.9713
2025-02-12,5.9761,6.0038,5.9545,5.9843
2025-02-13,5.9849,6.0356,5.9849,6.0356
2025-02-14,6.0492,6.0598,5.9753,5.9946
2025-02-17,5.9918,5.9924,5.9671,5.9892
2025-02-18,5.9855,5.9855,5.9304,5.943
2025-02-19,5.9434,5.9767,5.9273,5.9633
2025-02-20,5.9597,5.9924,5.9405,5.9882
2025-02-21,5.9829,5.9958,5.9539,5.9954
2025-02-24,5.9977,6.0503,5.9751,6.0488
2025-02-25,6.0487,6.0967,5.9905,6.0436
2025-02-26,6.044,6.0988,6.0092,6.0702
2025-02-27,6.072,6.0984,6.0581,6.0721
2025-02-28,6.0554,6.131,6.0532,6.1057
2025-03-03,6.1413,6.1924,6.1203,6.1892
2025-03-04,6.1901,6.2353,6.1819,6.2333
2025-03-05,6.2697,6.3391,6.1921,6.1921
2025-03-06,6.1931,6.2331,6.1928,6.2311
